City_ID,City,Lat,Lng,Max Temp,Humidity,Cloudiness,Wind Speed,Country,Date
0,kandrian,-6.2167,149.55,81.37,79,99,6.04,PG,1677886981
1,ribeira grande,38.5167,-28.7,54.77,85,95,3.0,PT,1677886427
2,sao raimundo das mangabeiras,-7.0219,-45.4811,76.78,80,26,3.8,BR,1677886983
3,kaitangata,-46.2817,169.8464,59.76,47,92,6.55,NZ,1677886984
4,wilmington,34.2257,-77.9447,75.11,64,0,23.02,US,1677886954
5,georgetown,5.4112,100.3354,76.93,94,20,2.3,MY,1677886920
6,severo-kurilsk,50.6789,156.125,21.79,69,99,21.88,RU,1677886987
7,norman wells,65.282,-126.8329,-9.36,64,20,13.8,CA,1677886989
8,cape town,-33.9258,18.4232,67.91,85,20,10.36,ZA,1677886779
9,vestmanna,62.1564,-7.1664,34.72,80,100,0.0,FO,1677886991
10,ambon,-3.6954,128.1814,80.74,14,40,1.14,ID,1677886992
11,alice springs,-23.7,133.8833,74.75,22,56,3.44,AU,1677886810
12,cabo san lucas,22.8909,-109.9124,72.61,60,0,9.22,MX,1677886994
13,lodja,-3.4833,23.4333,69.78,89,52,2.39,CD,1677886996
14,saint-joseph,-21.3667,55.6167,79.18,78,90,2.62,RE,1677886482
15,port lincoln,-34.7333,135.8667,67.24,67,7,2.8,AU,1677886998
16,vila franca do campo,37.7167,-25.4333,54.01,88,100,10.69,PT,1677886999
17,namwala,-15.7504,26.4384,65.52,94,89,1.74,ZM,1677887000
18,kansanshi,-12.0951,26.4273,61.27,98,100,4.45,ZM,1677887001
19,harlingen,26.1906,-97.6961,77.2,25,0,17.27,US,1677886878
20,bereda,43.2686,-7.5406,30.15,100,4,3.18,ES,1677886488
21,trairi,-3.2778,-39.2689,76.51,90,98,8.77,BR,1677886861
22,ancud,-41.8697,-73.8203,52.29,63,48,5.55,CL,1677887004
23,podor,16.6527,-14.9587,78.73,9,85,11.56,MR,1677887005
24,shafranovo,53.9667,54.7667,19.96,95,84,12.44,RU,1677887007
25,kahului,20.8947,-156.47,77.02,72,40,23.02,US,1677887008
26,iranshahr,27.2025,60.6848,68.41,48,50,2.77,IR,1677887009
27,tvoroyri,61.5556,-6.8111,39.96,69,99,7.14,FO,1677887010
28,seoul,37.5683,126.9778,40.57,81,75,4.61,KR,1677886790
29,labuhan,-6.8844,112.2051,77.59,84,79,4.9,ID,1677887012
30,sidhi,24.4167,81.8833,68.11,32,0,3.33,IN,1677887013
31,te anau,-45.4167,167.7167,60.53,40,39,2.86,NZ,1677887014
32,chokurdakh,70.6333,147.9167,-37.8,100,62,3.42,RU,1677887015
33,spassk,52.747,87.7545,18.19,84,72,7.38,RU,1677887016
34,vanavara,60.34,102.2797,10.0,98,100,1.3,RU,1677887017
35,itacoatiara,-3.1431,-58.4442,75.58,96,82,3.96,BR,1677887018
36,rameswaram,9.2833,79.3,79.47,71,17,18.54,IN,1677887019
37,atasu,48.6814,71.6433,3.83,96,93,6.89,KZ,1677887020
38,faanui,-16.4833,-151.75,82.18,71,85,3.15,PF,1677887021
39,musafirkhana,26.3667,81.8,67.17,38,0,7.63,IN,1677887022
40,saint-denis,48.9167,2.3333,38.14,85,0,10.36,FR,1677887023
41,palu,-0.8917,119.8707,78.91,85,97,1.36,ID,1677887024
42,tiksi,71.6872,128.8694,-10.53,99,100,6.98,RU,1677887025
43,pacific grove,36.6177,-121.9166,59.22,76,0,10.36,US,1677887027
44,pocoes,-14.5297,-40.3653,66.16,95,27,7.47,BR,1677887028
45,victor harbor,-35.5667,138.6167,66.0,71,42,3.91,AU,1677887029
46,asfi,32.2994,-9.2372,55.89,79,1,10.36,MA,1677887030
47,arraial do cabo,-22.9661,-42.0278,77.02,86,8,24.18,BR,1677887032
48,ayan,56.45,138.1667,2.03,83,82,3.47,RU,1677887033
49,lagoa,39.05,-27.9833,56.12,78,100,19.82,PT,1677887034
50,cabedelo,-6.9811,-34.8339,81.27,77,92,11.86,BR,1677887035
51,kununurra,-15.7667,128.7333,80.58,83,91,0.0,AU,1677887036
52,mancio lima,-7.6142,-72.8958,82.47,89,75,0.0,BR,1677887037
53,talnakh,69.4865,88.3972,0.95,96,100,3.65,RU,1677887038
54,ostrovnoy,68.0531,39.5131,6.8,98,93,7.99,RU,1677887039
55,henties bay,-22.116,14.2845,62.82,87,0,9.24,NA,1677887039
56,souillac,-20.5167,57.5167,75.58,88,40,4.61,MU,1677887040
57,wanning,18.8003,110.3967,65.73,82,27,5.3,CN,1677887041
58,longhua,23.6137,114.1919,64.67,58,98,3.24,CN,1677887042
59,healesville,-37.65,145.5167,75.36,48,100,6.06,AU,1677887043
60,aras,42.5617,-2.356,37.72,87,20,5.75,ES,1677887045
61,payo,-3.7508,103.6372,70.12,96,91,2.44,ID,1677887046
62,cherskiy,68.75,161.3,-26.55,89,40,3.74,RU,1677887047
63,goderich,43.7501,-81.7165,34.92,75,100,24.16,CA,1677887048
64,kirakira,-10.4544,161.9205,85.35,66,98,14.65,SB,1677887050
65,mragowo,53.8644,21.3051,33.8,77,83,17.45,PL,1677887051
66,tuktoyaktuk,69.4541,-133.0374,-25.6,68,0,2.3,CA,1677887053
67,coihaique,-45.5752,-72.0662,49.95,50,75,4.61,CL,1677887054
68,bambous virieux,-20.3428,57.7575,77.22,88,40,4.61,MU,1677887055
69,krasnoye,49.9145,24.6134,31.24,84,63,11.54,UA,1677887056
70,vallenar,-28.5708,-70.7581,71.87,54,0,4.32,CL,1677887057
71,hokitika,-42.7167,170.9667,64.15,65,60,14.03,NZ,1677887058
72,tuatapere,-46.1333,167.6833,57.88,58,57,8.25,NZ,1677887060
73,qaanaaq,77.484,-69.3632,-3.95,48,5,8.84,GL,1677887060
74,leningradskiy,69.3833,178.4167,-25.98,95,70,5.08,RU,1677887062
75,flin flon,54.7682,-101.865,28.24,86,100,5.75,CA,1677886222
76,kodiak,57.79,-152.4072,24.31,36,0,39.12,US,1677887063
77,ko samui,9.5357,99.9357,75.11,100,20,0.0,TH,1677887064
78,guerrero negro,27.9769,-114.0611,59.41,60,57,18.01,MX,1677887065
79,pokhara,28.2333,83.9833,60.91,32,0,6.22,NP,1677887066
80,jodhpur,26.2867,73.03,70.5,37,2,12.19,IN,1677887054
81,antsohihy,-14.8796,47.9875,74.41,96,100,2.08,MG,1677886494
82,saint-lo,49.1162,-1.0903,39.63,73,80,7.45,FR,1677887070
83,kameshkovo,56.3481,41.0047,25.14,97,99,6.51,RU,1677887071
84,mehamn,71.0357,27.8492,33.75,64,75,18.41,NO,1677887073
85,barranca,-10.75,-77.7667,73.83,77,59,8.16,PE,1677887074
86,jawhar,2.7809,45.5005,74.52,77,21,15.35,SO,1677886841
87,staraya russa,57.9944,31.3608,28.35,96,100,8.39,RU,1677887076
88,saint-georges,12.0564,-61.7485,77.49,73,30,16.06,GD,1677887077
89,curup,-3.4667,102.5333,66.18,96,100,0.85,ID,1677887078
90,nanortalik,60.1432,-45.2371,41.65,75,30,27.85,GL,1677887079
91,klaksvik,62.2266,-6.589,36.52,67,90,5.14,FO,1677887081
92,vardo,70.3705,31.1107,31.98,80,75,12.66,NO,1677887082
93,rio grande,-32.035,-52.0986,73.51,91,100,11.48,BR,1677887084
94,wucheng,29.6008,118.175,51.67,70,2,1.9,CN,1677887085
95,santa rosa,14.3122,121.1114,78.03,72,34,10.27,PH,1677886850
96,tura,25.5198,90.2201,64.83,40,0,2.3,IN,1677887087
97,pozo colorado,-23.4923,-58.7972,77.7,84,75,5.35,PY,1677887088
98,port elizabeth,-33.918,25.5701,74.1,91,0,6.91,ZA,1677887089
99,katsuura,35.1333,140.3,52.02,60,77,8.66,JP,1677887090
100,vanimo,-2.6741,141.3028,77.09,85,100,5.48,PG,1677887092
101,longyearbyen,78.2186,15.6401,4.84,61,75,12.66,SJ,1677887093
102,vilyuysk,63.7553,121.6247,11.71,97,100,3.91,RU,1677887094
103,yamada,39.4667,141.95,43.45,58,47,5.53,JP,1677887095
104,kijang,35.2442,129.2139,38.93,40,100,5.44,KR,1677887096
105,itaituba,-4.2761,-55.9836,75.15,99,52,2.3,BR,1677887098
106,port hardy,50.6996,-127.4199,39.38,87,75,13.8,CA,1677887100
107,biak,-0.9131,122.8766,77.74,76,100,2.28,ID,1677887101
108,san ignacio,17.1561,-89.0714,96.94,38,0,0.0,BZ,1677887102
109,ormara,25.2088,64.6357,73.47,59,0,4.76,PK,1677887103
110,kambove,-10.8764,26.5969,62.01,98,100,2.55,CD,1677887104
111,picota,-6.9197,-76.3304,88.29,85,82,1.86,PE,1677887106
112,general roca,-39.0333,-67.5833,87.62,13,13,21.12,AR,1677887107
113,the valley,18.217,-63.0578,78.1,73,20,6.91,AI,1677887109
114,nikolskoye,59.7035,30.7861,26.49,97,93,5.64,RU,1677887110
115,hualmay,-11.0964,-77.6139,74.14,80,74,10.58,PE,1677887111
116,oksfjord,70.2396,22.3479,28.58,80,98,1.52,NO,1677887112
117,rio gallegos,-51.6226,-69.2181,50.05,37,20,32.21,AR,1677887113
118,alghero,40.5589,8.3181,39.29,100,7,2.3,IT,1677887056
119,asau,46.4333,26.4,34.72,94,91,2.24,RO,1677887115
120,key west,24.5557,-81.7826,80.6,76,0,13.8,US,1677886978
121,mapiripan,2.8892,-72.1256,80.01,74,92,4.47,CO,1677887117
122,pitimbu,-7.4706,-34.8086,81.19,75,90,12.06,BR,1677887118
123,nizwa,22.9333,57.5333,68.09,49,5,1.32,OM,1677887119
124,fortuna,40.5982,-124.1573,49.66,66,0,8.05,US,1677887121
125,hobyo,5.3505,48.5268,78.67,70,35,18.37,SO,1677887122
126,namatanai,-3.6667,152.4333,77.81,88,100,10.16,PG,1677887123
127,ipixuna,-1.7625,-48.8043,74.46,98,100,4.94,BR,1677887124
128,mumford,5.2618,-0.759,80.51,86,57,5.28,GH,1677887125
129,san policarpo,12.1791,125.5072,78.84,79,82,11.18,PH,1677887126
130,pindi gheb,33.2402,72.2661,60.24,59,82,2.08,PK,1677887127
131,moose factory,51.2585,-80.6094,32.0,51,75,9.22,CA,1677887128
132,torbay,47.6666,-52.7314,25.75,76,20,12.66,CA,1677887129
133,jibuti,11.5,42.5,70.34,82,90,15.68,DJ,1677887130
134,jennings,38.7192,-90.2604,43.38,82,100,13.8,US,1677887131
135,dedovichi,57.5517,29.9502,27.75,96,100,10.56,RU,1677887133
136,san patricio,28.017,-97.5169,77.72,30,0,3.4,US,1677887134
137,dosso,13.049,3.1937,81.39,13,0,8.01,NE,1677887135
138,oxelosund,58.6706,17.1015,35.98,44,0,19.57,SE,1677887137
139,puerto ayora,-0.7393,-90.3518,84.16,84,89,3.0,EC,1677887139
140,neftcala,39.3742,49.2472,46.47,88,100,7.81,AZ,1677887140
141,naze,28.3667,129.4833,58.12,60,100,6.04,JP,1677887141
142,paamiut,61.994,-49.6678,37.35,74,92,8.52,GL,1677887142
143,erenhot,43.6475,111.9767,30.54,35,0,0.65,CN,1677887143
144,townsville,-19.25,146.8,74.28,94,75,8.05,AU,1677887144
145,lavrentiya,65.5833,-171.0,-13.99,98,78,4.16,RU,1677887145
146,bubaque,11.2833,-15.8333,78.12,64,2,16.46,GW,1677887146
147,mana,5.6592,-53.7767,76.77,87,76,12.17,GF,1677887147
148,lewisporte,49.2499,-55.0482,22.71,76,34,11.72,CA,1677887148
149,glenwood springs,39.5505,-107.3248,36.41,85,100,13.8,US,1677887131
150,aykhal,66.0,111.5,6.6,94,98,13.94,RU,1677887150
151,beloha,-25.1667,45.05,70.5,95,100,7.16,MG,1677887151
152,ust-kut,56.7938,105.7672,25.21,94,100,4.7,RU,1677887152
153,oktyabrskiy,54.4815,53.471,26.28,91,93,13.67,RU,1677887153
154,tilichiki,60.4667,166.1,-8.54,89,100,12.17,RU,1677887154
155,constitucion,-35.3333,-72.4167,60.12,84,14,12.17,CL,1677887155
156,ust-koksa,50.2696,85.6108,16.59,94,87,3.13,RU,1677887156
157,wuwei,37.9281,102.6414,36.97,23,0,2.26,CN,1677887157
158,maarianhamina,60.0973,19.9348,33.82,64,100,24.16,AX,1677887158
159,savannah bight,16.45,-85.85,80.19,80,57,34.31,HN,1677887159
160,gat,31.61,34.7642,60.4,68,32,1.86,IL,1677887160
161,yeniseysk,58.4497,92.1703,20.43,92,100,7.45,RU,1677887162
162,mubarakpur,26.09,83.2922,66.85,38,0,8.37,IN,1677887164
163,minab,27.1467,57.0801,70.12,88,15,3.44,IR,1677887165
164,sumenep,-7.0167,113.8667,78.84,86,93,3.24,ID,1677887166
165,meulaboh,4.1363,96.1285,74.23,88,98,2.64,ID,1677887167
166,saint-ambroise,48.5501,-71.3324,13.6,44,3,2.3,CA,1677887168
167,sola,-13.8833,167.55,82.15,80,100,26.62,VU,1677887169
168,carutapera,-1.195,-46.02,76.01,94,100,8.01,BR,1677887170
169,baykit,61.67,96.37,2.25,100,100,0.38,RU,1677887171
170,isangel,-19.55,169.2667,79.88,93,100,30.62,VU,1677887172
171,finschhafen,-6.6024,147.8681,84.42,70,100,1.25,PG,1677887174
172,saldanha,-33.0117,17.9442,62.65,92,6,10.65,ZA,1677887175
173,kawasaki,35.5206,139.7172,52.25,55,20,11.5,JP,1677886963
174,salinas,36.6777,-121.6555,60.49,72,0,13.8,US,1677887133
175,coquimbo,-29.9533,-71.3436,65.93,77,0,9.22,CL,1677887081
176,sao filipe,14.8961,-24.4956,74.19,58,80,10.04,CV,1677887178
177,bengkulu,-3.8004,102.2655,73.81,91,100,3.36,ID,1677887179
178,havoysund,70.9963,24.6622,32.23,54,100,17.69,NO,1677887180
179,sechura,-5.5569,-80.8222,79.63,67,41,13.73,PE,1677887181
180,westport,41.1415,-73.3579,40.98,68,100,10.36,US,1677887134
181,twin falls,42.3505,-114.6445,34.14,48,100,14.97,US,1677887184
182,lasa,46.6166,10.7002,40.08,90,70,4.43,IT,1677887185
183,dingle,10.9995,122.6711,75.78,86,98,11.7,PH,1677887186
184,fukue,32.6881,128.8419,44.96,87,75,1.14,JP,1677887187
185,husavik,66.0449,-17.3389,29.68,86,94,11.1,IS,1677887188
186,presov,49.1667,21.25,29.37,87,60,1.39,SK,1677887189
187,el alto,-4.2714,-81.2147,80.26,74,66,8.37,PE,1677887190
188,carnarvon,-24.8667,113.6333,80.17,71,3,15.28,AU,1677887191
189,vuktyl,63.8567,57.3094,1.51,98,99,4.99,RU,1677887192
190,maningrida,-12.0667,134.2667,81.73,75,100,14.83,AU,1677887193
191,krasnoselkup,65.7,82.4667,-7.26,97,92,12.62,RU,1677887194
192,zolotukhino,52.0842,36.3772,32.07,96,100,10.67,RU,1677887195
193,pisco,-13.7,-76.2167,75.25,73,0,17.27,PE,1677887112
194,alofi,-19.0595,-169.9187,82.29,89,75,5.75,NU,1677887197
195,broken hill,-31.95,141.4333,78.49,29,6,7.99,AU,1677887198
196,rawson,-43.3002,-65.1023,60.8,44,48,4.36,AR,1677887201
197,bandarbeyla,9.4942,50.8122,76.59,71,20,13.38,SO,1677887202
198,college,64.8569,-147.8028,3.58,69,100,12.66,US,1677887203
199,launceston,-41.45,147.1667,68.14,52,43,10.36,AU,1677887204
200,san quintin,30.4833,-115.95,56.97,62,7,14.12,MX,1677887205
201,kalevala,65.2,31.1667,22.84,97,100,3.6,RU,1677887205
202,pointe michel,15.25,-61.3833,75.49,71,4,12.17,DM,1677887206
203,salaga,8.5508,-0.5188,86.54,49,32,10.0,GH,1677887207
204,zyukayka,58.2025,54.7003,13.55,96,99,5.99,RU,1677887208
205,miracema do tocantins,-9.5618,-48.3967,77.2,78,98,2.73,BR,1677887209
206,surt,31.2089,16.5887,62.49,82,99,13.31,LY,1677887210
207,yar-sale,66.8333,70.8333,0.1,97,99,8.08,RU,1677887211
208,loikaw,19.6742,97.2094,60.89,37,1,2.01,MM,1677887212
209,srednekolymsk,67.45,153.6833,-24.66,89,49,2.37,RU,1677887214
210,leiyang,26.4024,112.8591,51.98,90,5,2.15,CN,1677887215
211,osypenko,46.9136,36.8253,35.94,81,91,9.98,UA,1677887216
212,shaunavon,49.6501,-108.4181,22.78,88,92,6.58,CA,1677887028
213,abha,18.2164,42.5053,55.65,67,0,0.0,SA,1677887217
214,dauphin,51.1494,-100.0502,32.14,69,0,19.57,CA,1677887218
215,hasaki,35.7333,140.8333,52.21,73,73,9.91,JP,1677887219
216,bud,39.447,-86.1758,44.62,97,100,24.36,US,1677887220
217,marawi,7.9986,124.2928,70.65,84,35,3.91,PH,1677887221
218,grand gaube,-20.0064,57.6608,77.38,83,94,1.01,MU,1677887222
219,maua,-23.6678,-46.4614,73.69,92,76,1.05,BR,1677887224
220,wasilla,61.5814,-149.4394,20.62,47,100,11.5,US,1677886979
221,charters towers,-20.1,146.2667,74.48,83,100,10.71,AU,1677887226
222,ucluelet,48.9329,-125.5528,37.71,92,100,6.35,CA,1677887227
223,olinda,-8.0089,-34.8553,82.13,57,20,9.22,BR,1677887086
224,galveston,29.3669,-94.9669,73.51,40,0,10.36,US,1677887230
225,bethlehem,-1.4558,-48.5044,77.04,94,75,4.61,BR,1677887096
226,churapcha,62.0025,132.4325,-2.97,98,100,11.63,RU,1677887234
227,cacapava do sul,-30.5122,-53.4914,65.08,98,99,4.47,BR,1677887235
228,asyut,27.181,31.1837,62.78,22,0,4.23,EG,1677887236
229,emerald,-23.5333,148.1667,79.34,67,99,9.28,AU,1677887237
230,cullman,34.1748,-86.8436,66.85,48,75,8.05,US,1677886811
231,kutum,14.2,24.6667,68.41,15,19,10.18,SD,1677887238
232,jalu,29.0331,21.5482,65.39,24,0,11.41,LY,1677887239
233,tigil,57.8,158.6667,-11.52,94,99,3.65,RU,1677887240
234,sitka,57.0531,-135.33,37.29,60,100,8.05,US,1677887241
235,birin,26.8865,88.0718,53.67,56,7,4.29,NP,1677887243
236,riyadh,24.6877,46.7219,68.14,27,0,9.55,SA,1677886973
237,dunedin,-45.8742,170.5036,58.8,65,100,5.99,NZ,1677887245
238,florianopolis,-27.6146,-48.5012,76.23,88,75,9.22,BR,1677887246
239,sao joao da barra,-21.6403,-41.0511,78.89,86,42,19.08,BR,1677887248
240,necochea,-38.5473,-58.7368,71.58,60,4,9.22,AR,1677887249
241,washington,47.5001,-120.5015,43.57,42,48,4.23,US,1677887083
242,karratha,-20.7377,116.8463,87.73,55,18,15.77,AU,1677887251
243,farafangana,-22.8167,47.8333,73.78,92,100,7.65,MG,1677887252
244,khasan,42.4308,130.6434,32.65,64,1,2.62,RU,1677887254
245,bukachacha,52.9833,116.9167,18.27,100,100,2.19,RU,1677887255
246,general pico,-35.6566,-63.7568,89.1,17,13,4.88,AR,1677887256
247,timmins,48.4669,-81.3331,30.02,59,40,9.22,CA,1677887205
248,raudeberg,61.9875,5.1352,32.67,79,100,28.01,NO,1677887258
249,princeton,25.5384,-80.4089,80.62,75,0,8.05,US,1677887133
250,padang,-0.9492,100.3543,69.85,88,96,3.22,ID,1677887145
251,berdigestyakh,62.0989,126.6992,12.18,96,100,5.82,RU,1677887260
252,saint-augustin,51.226,-58.6502,11.82,73,9,17.65,CA,1677887263
253,aklavik,68.2191,-135.0107,-16.74,93,44,5.35,CA,1677887264
254,evensk,61.95,159.2333,-14.71,73,4,2.33,RU,1677887265
255,podgorica,42.4411,19.2636,50.5,93,0,0.0,ME,1677887266
256,touros,-5.1989,-35.4608,76.78,88,90,8.59,BR,1677887267
257,qesarya,32.5189,34.9046,55.96,81,11,4.94,IL,1677887268
258,zheleznodorozhnyy,55.7503,38.0042,27.95,98,61,4.94,RU,1677887269
259,challans,46.8436,-1.8749,39.4,87,82,9.55,FR,1677887270
260,hofn,64.2539,-15.2082,35.91,80,100,6.44,IS,1677887271
261,ankara,39.9199,32.8543,47.21,78,0,2.3,TR,1677887225
262,kurayoshi,35.4333,133.8167,39.11,63,100,0.69,JP,1677887273
263,iqaluit,63.7506,-68.5145,13.73,92,100,4.61,CA,1677887274
264,arki,31.15,76.9667,53.37,52,42,5.12,IN,1677887275
265,camargo,27.6667,-105.1667,69.46,10,0,5.44,MX,1677887277
266,hambantota,6.1241,81.1185,76.8,81,87,15.39,LK,1677887278
267,la ronge,55.1001,-105.2842,26.85,63,75,13.8,CA,1677887279
268,cotonou,6.3654,2.4183,81.77,84,99,8.81,BJ,1677887196
269,broome,42.2506,-75.833,35.71,83,100,13.8,US,1677887281
270,pervomayskiy,53.2485,40.2871,28.94,98,100,8.66,RU,1677887282
271,polunochnoye,60.8697,60.4153,-8.36,97,80,3.36,RU,1677887283
272,gavle,60.6745,17.1417,30.92,50,1,4.0,SE,1677887284
273,alta floresta,-9.8756,-56.0861,75.6,92,85,3.83,BR,1677887285
274,muroto,33.2833,134.15,51.4,58,100,7.72,JP,1677887286
275,cilegon,-6.0174,106.0538,78.44,83,76,10.31,ID,1677887287
276,los andes,-32.8337,-70.5983,75.0,47,0,3.2,CL,1677887288
277,salalah,17.0151,54.0924,71.69,53,0,3.44,OM,1677887289
278,yaan,7.3833,8.5667,83.03,64,90,11.18,NG,1677887290
279,baglung,28.2719,83.5898,55.51,36,0,6.17,NP,1677887291
280,faya,18.3851,42.4509,55.92,62,1,2.93,SA,1677887292
281,araouane,18.9048,-3.5265,73.83,9,43,6.24,ML,1677887293
282,codrington,-38.2667,141.9667,67.23,61,100,4.79,AU,1677887294
283,conde,-7.2597,-34.9075,80.06,78,40,8.05,BR,1677887295
284,beringovskiy,63.05,179.3167,-3.82,98,100,13.98,RU,1677887296
285,egvekinot,66.3167,-179.1667,-19.3,91,47,3.0,RU,1677887297
286,nizhniy kuranakh,58.8353,125.4869,32.58,82,100,14.34,RU,1677887298
287,beaver dam,43.4578,-88.8373,37.22,85,0,9.22,US,1677887080
288,chirongui,-12.9319,45.1483,82.33,78,100,12.08,YT,1677887300
289,vao,-22.6667,167.4833,77.83,87,90,21.21,NC,1677887301
290,felsberg,51.1333,9.4167,36.91,86,75,1.14,DE,1677887302
291,bukama,-9.2,25.85,67.28,97,98,0.38,CD,1677887304
292,kindu,-2.95,25.95,70.12,86,100,2.82,CD,1677887305
293,bichura,50.5881,107.6022,21.96,73,23,4.32,RU,1677887306
294,benton harbor,42.1167,-86.4542,34.45,91,100,8.05,US,1677887150
295,nishihara,26.1842,127.7558,61.88,55,40,3.44,JP,1677887308
296,san-pedro,4.7485,-6.6363,78.78,89,6,5.59,CI,1677887309
297,dedougou,12.4667,-3.4667,81.73,14,48,4.72,BF,1677887310
298,nanning,22.8167,108.3167,61.25,69,80,3.27,CN,1677887311
299,ionia,42.9873,-85.0711,33.82,96,100,11.5,US,1677887312
300,zhob,31.3411,69.4481,51.57,74,84,1.1,PK,1677887073
301,omsukchan,62.5333,155.8,-23.26,85,16,0.4,RU,1677887314
302,ayolas,-27.4,-56.9,72.09,96,27,4.76,PY,1677887315
303,moratuwa,6.773,79.8816,77.02,83,28,7.02,LK,1677887316
304,kribi,2.95,9.9167,80.87,81,72,2.98,CM,1677887317
305,fare,-16.7,-151.0167,81.86,71,98,3.6,PF,1677887318
306,adre,13.4667,22.2,75.43,13,9,13.51,TD,1677887319
307,stromness,58.965,-3.296,42.76,90,100,3.0,GB,1677887320
308,tommot,58.9564,126.2925,34.23,81,100,14.36,RU,1677887321
309,nome,64.5011,-165.4064,-8.84,77,0,0.0,US,1677887191
310,mazagao,-0.115,-51.2894,80.65,94,66,5.86,BR,1677887323
311,fairbanks,64.8378,-147.7164,3.6,69,0,12.66,US,1677887142
312,progreso,21.2833,-89.6667,96.91,84,100,10.69,MX,1677887325
313,qaqortoq,60.7167,-46.0333,39.45,70,69,15.97,GL,1677887326
314,islahiye,37.025,36.6306,52.99,93,16,3.85,TR,1677887328
315,motygino,58.1831,94.7592,19.98,97,100,3.51,RU,1677887329
316,fergus falls,46.283,-96.0776,28.47,82,0,3.44,US,1677887330
317,tessalit,20.1986,1.0114,72.16,9,0,5.23,ML,1677887331
318,san buenaventura,27.0833,-101.5333,82.47,7,0,7.94,MX,1677887332
319,cockburn town,21.4612,-71.1419,76.96,69,40,11.5,TC,1677887334
320,bagan,54.1001,77.6646,13.5,91,100,15.39,RU,1677887335
321,bonavista,48.6499,-53.1147,21.04,83,85,17.67,CA,1677887336
322,puri,19.8,85.85,75.78,75,0,8.59,IN,1677887336
323,pingxiang,27.6167,113.85,50.65,82,0,0.94,CN,1677887338
324,archidona,37.0965,-4.3887,47.98,44,79,3.02,ES,1677887339
325,los llanos de aridane,28.6585,-17.9182,62.35,91,40,4.61,ES,1677887340
326,diadi,16.662,121.3658,66.76,92,86,2.08,PH,1677887341
327,russell,32.3502,-85.1999,78.4,65,0,10.36,US,1677887342
328,yambio,4.5721,28.3955,73.69,70,81,4.32,SS,1677887344
329,vila,42.0304,-8.1588,34.68,72,0,4.16,PT,1677887345
330,erzin,36.9559,36.2,57.58,88,44,5.79,TR,1677887346
331,nioro,13.35,-15.75,79.56,16,26,9.82,GM,1677887347
332,candido mendes,-1.4467,-45.7167,74.21,97,100,4.05,BR,1677887348
333,ivanovka,42.8878,75.085,42.53,68,59,1.72,KG,1677887349
334,gamba,-2.65,10.0,79.07,85,59,7.49,GA,1677887350
335,korla,41.7597,86.1469,37.15,55,15,3.96,CN,1677887351
336,pedernales,18.0384,-71.744,77.5,70,6,11.61,DO,1677887352
337,victoria,22.2855,114.1577,65.25,73,19,5.99,HK,1677886696
338,cayenne,4.9333,-52.3333,78.84,78,20,10.36,GF,1677887354
339,madingou,-4.1536,13.55,74.55,93,99,2.26,CG,1677887355
340,fort nelson,58.8053,-122.7002,11.79,62,100,6.91,CA,1677887133
341,delijan,33.9905,50.6838,49.8,39,39,4.76,IR,1677887357
342,tampere,61.4991,23.7871,30.81,99,100,11.5,FI,1677887358
343,valentin gomez farias,28.2167,-106.5833,69.53,7,0,16.82,MX,1677887359
344,morristown,36.214,-83.2949,69.06,72,0,19.57,US,1677887361
345,akhisar,38.9185,27.8401,46.8,92,76,1.36,TR,1677887362
346,pemangkat,1.1667,108.9667,75.09,92,100,8.25,ID,1677887364
347,paita,-5.0892,-81.1144,77.58,76,65,11.74,PE,1677887365
348,tarsus,36.9188,34.8784,60.67,94,9,7.23,TR,1677887366
349,shingu,33.7333,135.9833,50.86,38,97,1.5,JP,1677887368
350,maniitsoq,65.4167,-52.9,30.25,75,78,8.28,GL,1677887369
351,shimoda,34.6667,138.95,50.36,52,54,4.23,JP,1677887370
352,porterville,36.0652,-119.0168,59.72,59,58,4.12,US,1677887371
353,zhanaozen,43.3,52.8,40.17,65,89,13.76,KZ,1677887372
354,pringsewu,-5.3582,104.9744,73.04,92,77,0.94,ID,1677887373
355,umaria,23.5333,80.8333,67.03,30,0,3.78,IN,1677887374
356,kaniama,-7.5667,24.1833,66.02,95,99,2.1,CD,1677887375
357,morehead,37.2711,-87.1764,47.98,75,75,17.0,US,1677887377
358,faro,37.0194,-7.9322,53.19,62,0,4.61,PT,1677887365
359,aksarayskiy,46.7924,48.0119,32.2,88,74,8.43,RU,1677887379
360,george town,5.4112,100.3354,76.93,94,20,2.3,MY,1677887210
361,sao jose da coroa grande,-8.8978,-35.1478,79.66,78,63,9.66,BR,1677887381
362,kloulklubed,7.0419,134.2556,81.1,71,98,12.75,PW,1677887382
363,tukrah,32.5341,20.5791,67.14,38,99,21.14,LY,1677887383
364,flinders,-34.5833,150.8552,77.05,80,76,4.0,AU,1677887384
365,bol,13.4586,14.7147,79.43,39,72,10.96,TD,1677887385
366,luderitz,-26.6481,15.1594,61.07,95,14,9.24,NA,1677887386
367,tucuma,-0.1833,-50.05,76.05,90,87,8.1,BR,1677887387
368,la rioja,42.25,-2.5,28.18,98,97,3.04,ES,1677887388
369,rennes,48.1667,-1.6667,37.58,87,0,3.44,FR,1677887389
370,margate,51.3813,1.3862,42.91,73,100,7.0,GB,1677887391
371,ciro marina,39.3732,17.126,49.64,75,61,8.01,IT,1677887392
372,acurenam,1.0322,10.6488,68.68,98,81,3.24,GQ,1677887393
373,miramar,25.9873,-80.2323,82.42,68,40,10.36,US,1677887143
374,dhidhdhoo,6.8833,73.1,80.35,74,1,9.28,MV,1677887395
375,krasnovishersk,60.4078,57.082,4.75,97,100,3.85,RU,1677887396
376,ambilobe,-13.2,49.05,72.27,97,84,1.07,MG,1677887397
377,konin,52.2234,18.2512,31.96,90,63,15.88,PL,1677887398
378,bianzhuang,34.8486,118.0447,46.44,59,0,2.95,CN,1677887400
379,yulara,-25.2406,130.9889,81.14,17,6,7.58,AU,1677887401
380,kysyl-syr,63.8986,122.7617,-0.83,98,100,8.63,RU,1677887402
381,lahaina,20.8783,-156.6825,77.0,85,80,9.89,US,1677887404
382,inhambane,-23.865,35.3833,75.61,90,21,12.15,MZ,1677887405
383,walvis bay,-22.9575,14.5053,63.09,88,0,1.14,NA,1677887406
384,coahuayana,18.7333,-103.6833,78.53,63,6,5.95,MX,1677887408
385,mananara,-16.1667,49.7667,75.58,91,100,3.02,MG,1677887411
386,san antonio,29.4241,-98.4936,77.52,21,0,8.05,US,1677887269
387,axim,4.8699,-2.2405,79.52,90,60,4.81,GH,1677887413
388,divnogorsk,55.9594,92.3619,27.09,84,100,15.99,RU,1677887414
389,uribia,11.7139,-72.266,79.61,69,36,19.64,CO,1677887415
390,ugoofaaru,5.6667,73.0,80.87,73,21,17.69,MV,1677887417
391,riachao,-7.3619,-46.6172,75.31,81,65,5.1,BR,1677887419
392,vicuna,-30.0319,-70.7081,80.76,55,0,2.62,CL,1677887142
393,ndungu,-4.3667,38.05,69.89,94,64,4.0,TZ,1677887421
394,tavda,58.0425,65.2726,-2.34,97,80,5.57,RU,1677887422
395,matara,5.9485,80.5353,74.57,84,71,10.11,LK,1677887423
396,komsomolskiy,40.4272,71.7189,41.72,81,57,4.61,UZ,1677887424
397,khorixas,-20.3667,14.9667,59.56,55,2,2.59,NA,1677887427
398,maracacume,-2.0428,-45.9592,74.05,98,100,3.33,BR,1677887428
399,saint-pierre,-21.3393,55.4781,79.57,73,75,6.91,RE,1677887429
400,mahanoro,-19.9,48.8,74.73,94,100,2.44,MG,1677887430
401,tibirita,5.0533,-73.5037,60.01,95,92,2.26,CO,1677887431
402,putyatino,54.16,41.1169,26.2,98,98,5.32,RU,1677887432
403,grindavik,63.8424,-22.4338,39.67,100,75,11.5,IS,1677887434
404,altamont,42.2068,-121.7372,38.89,44,0,5.75,US,1677887435
405,clyde river,70.4692,-68.5914,-12.77,64,0,9.22,CA,1677887436
406,benguela,-12.5763,13.4055,73.76,84,10,5.08,AO,1677887437
407,luanda,-8.8368,13.2343,78.8,78,40,6.91,AO,1677887425
408,chanhassen,44.8622,-93.5308,40.8,65,75,6.91,US,1677887440
409,hamilton,39.1834,-84.5333,55.18,81,100,25.32,US,1677887367
410,deputatskiy,69.3,139.9,-39.26,98,49,2.06,RU,1677887442
411,namtsy,62.7161,129.6658,-6.92,97,100,9.44,RU,1677887443
412,monrovia,6.3005,-10.7969,78.57,88,39,7.9,LR,1677887444
413,consolacion del sur,22.5047,-83.5136,75.54,77,42,14.34,CU,1677887445
414,thompson,55.7435,-97.8558,19.56,86,100,2.3,CA,1677887447
415,svetlogorsk,52.6333,29.7333,30.31,86,72,11.77,BY,1677887448
416,bathsheba,13.2167,-59.5167,79.41,73,40,14.97,BB,1677887450
417,bourail,-21.5667,165.4833,78.06,88,100,13.98,NC,1677887451
418,andenes,69.3143,16.1194,25.93,86,100,31.07,NO,1677887452
419,bogorodskoye,56.55,37.8833,17.71,98,91,5.26,RU,1677887453
420,turki,51.987,43.2731,29.98,97,100,10.02,RU,1677887454
421,buala,-8.145,159.5921,80.1,84,100,8.75,SB,1677887456
422,saint-leu,-21.15,55.2833,78.96,89,96,6.91,RE,1677887457
423,panzos,15.4,-89.6667,84.07,47,69,0.85,GT,1677887458
424,goure,13.9835,10.2704,80.01,12,100,6.51,NE,1677887459
425,ponta delgada,37.7333,-25.6667,54.32,82,75,11.5,PT,1677887461
426,hecun,36.5333,114.1111,48.97,24,39,5.86,CN,1677887463
427,berlevag,70.8578,29.0864,33.8,93,100,24.16,NO,1677887464
428,iskateley,67.6803,53.1512,-15.45,100,95,3.83,RU,1677887465
429,huarmey,-10.0681,-78.1522,75.06,79,70,8.68,PE,1677887466
430,mount gambier,-37.8333,140.7667,66.49,62,100,0.87,AU,1677887468
431,kamaishi,39.2667,141.8833,42.51,62,40,7.94,JP,1677887469
432,brae,60.3964,-1.353,38.71,64,73,14.38,GB,1677887470
433,kavaratti,10.5669,72.642,80.71,68,0,5.53,IN,1677887472
434,jodar,37.8406,-3.3526,39.15,48,27,2.33,ES,1677887473
435,formosa do rio preto,-11.0483,-45.1931,76.86,59,43,0.65,BR,1677887474
436,vila velha,-20.3297,-40.2925,80.55,87,20,12.66,BR,1677887342
437,tonneins,44.3921,0.3124,30.42,58,97,4.34,FR,1677887477
438,sabang,5.8933,95.3214,81.05,76,70,22.68,ID,1677887478
439,lerwick,60.1545,-1.1494,37.4,65,73,13.91,GB,1677887480
440,zabol,32.25,67.25,41.61,84,29,3.56,AF,1677887481
441,rafaela,-31.2503,-61.4867,82.0,57,63,3.85,AR,1677887482
442,port macquarie,-31.4333,152.9167,78.89,62,72,10.2,AU,1677887430
443,pimentel,-6.8367,-79.9342,79.09,69,75,17.27,PE,1677887484
444,port hawkesbury,45.6169,-61.3485,24.19,82,100,19.57,CA,1677887485
